<?xml version="1.0" encoding="UTF-8" standalone="yes"?>
<projectConfiguration>
    <configVersion>2</configVersion>
    <relativeTo>PROJECT</relativeTo>
    <referencedLibrary type="PYTHON" name="Selenium2Library" path="C:/Python27/Lib/site-packages/Selenium2Library/__init__.py" dynamic="false"/>
    <referencedLibrary type="PYTHON" name="ExcelLibrary" path="C:/Python27/Lib/site-packages/ExcelLibrary/__init__.py" dynamic="false"/>
    <referencedLibrary type="PYTHON" name="ExcelLibrary.ExcelLibrary" path="C:/Python27/Lib/site-packages/ExcelLibrary/__init__.py" dynamic="false"/>
    <referencedLibrary type="PYTHON" name="ExcelLibrary.version" path="C:/Python27/Lib/site-packages/ExcelLibrary/__init__.py" dynamic="false"/>
    <referencedLibrary type="PYTHON" name="ExcellentLibrary" path="C:/Python27/Lib/site-packages/ExcellentLibrary/__init__.py" dynamic="false"/>
    <pythonpath/>
    <classpath/>
    <excludedForValidation/>
    <isValidatedFileSizeCheckingEnabled>true</isValidatedFileSizeCheckingEnabled>
    <validatedFileMaxSize>1024</validatedFileMaxSize>
</projectConfiguration>
