<soapenv:Envelope xmlns:soapenv="http://schemas.xmlsoap.org/soap/envelope/" xmlns:fr="http://www.innovation-group.com/fr/">
   <soapenv:Header/>
   <soapenv:Body>
      <fr:CreateMissionAndSetSlot>
         <claimRequest>
            <createdBy>Nrtfront Office</createdBy>
            <incidentDate>2021-07-02</incidentDate>
            <incidentDetails>CHAOOOSSS</incidentDetails>
            <keyAccountID>H4sIAAAAAAAAAEt8burVlrr8LruHf2FUxtwaADaIjXwQAAAA</keyAccountID>
            <notifier>nrtfrontoffice@prefikar.com.uat3</notifier>
            <policyDetail>
               <policyExcessMax>800</policyExcessMax>
               <policyExcessMin>300</policyExcessMin>
               <policyExcessPercentage>12</policyExcessPercentage>
               <policyExcessValue>45</policyExcessValue>
               <policyNum>0202020456</policyNum>
               <policyStartDate></policyStartDate>
               <vatRegistered>Y</vatRegistered>
            </policyDetail>
            <policyHolder>
               <party>
                  <contactDetails>
                     <address>
                        <addressLine1>19 Quai Tilsitt</addressLine1>
                        <addressLine2></addressLine2>
                        <postcode>69002</postcode>
                        <province></province>
                        <town>Lyon</town>
                     </address>
                     <emails>
                        <emailAddress>Pikapika@microsoft.com</emailAddress>
                     </emails>
                     <phones>
                        <areaCode>+33</areaCode>
                        <extnNum></extnNum>
                        <phoneNum>0601020304</phoneNum>
                     </phones>
                  </contactDetails>
                  <gender></gender>
                  <name>
                     <firstname>Marie</firstname>
                     <initials></initials>
                     <surname>Roman</surname>
                     <title></title>
                  </name>
                  <partyType>INDIVIDUAL</partyType>
               </party>
            </policyHolder>
            <referenceNum>2021-A-10001</referenceNum>
            <repairer>
               <bookAvailableSlot>2021-06-19T14:30:00Z</bookAvailableSlot>
               <instructionComment>Please treat this case quickly</instructionComment>
               <repairerID>FR1649583904</repairerID>
            </repairer>
            <vehicleClaim>
               <damageDescription>A la casse</damageDescription>
               <pickupDelivery>Y</pickupDelivery>
               <vehicle>
                  <mileage>4000</mileage>
                  <vehicleMake>AUDI</vehicleMake>
                  <vehicleModel>A4</vehicleModel>
                  <vehicleType>CAR</vehicleType>
                  <vrn>PZ-234-ZH</vrn>
               </vehicle>
               <vehicleDrivable>Y</vehicleDrivable>
            </vehicleClaim>
         </claimRequest>
      </fr:CreateMissionAndSetSlot>
   </soapenv:Body>
</soapenv:Envelope>