<?xml version='1.0' encoding='UTF-8'?>
<Envelope xmlns="http://schemas.xmlsoap.org/soap/envelope/">
   <Header />
   <Body>
      <CreateMissionAndSetSlot xmlns="http://www.innovation-group.com/fr/">
         <claimRequest xmlns="">
            <createdBy />
            <incidentDate />
            <incidentDetails />
            <keyAccountID>H4sIAAAAAAAAAEt8burVlrr8LruHf2FUxtwaADaIjXwQAAAA</keyAccountID>
            <notifier />
            <policyDetail>
               <policyExcessMax />
               <policyExcessMin />
               <policyExcessPercentage />
               <policyExcessValue />
               <policyNum />
               <policyStartDate />
               <vatRegistered />
            </policyDetail>
            <policyHolder>
               <party>
                  <contactDetails>
                     <address>
                        <addressLine1 />
                        <addressLine2 />
                        <postcode />
                        <province />
                        <town />
                     </address>
                     <emails>
                        <emailAddress />
                     </emails>
                     <phones>
                        <areaCode />
                        <extnNum />
                        <phoneNum />
                     </phones>
                  </contactDetails>
                  <gender />
                  <name>
                     <firstname />
                     <initials />
                     <surname />
                     <title />
                  </name>
                  <partyType />
               </party>
            </policyHolder>
            <referenceNum>2022-P-73046</referenceNum>
            <repairer>
               <bookAvailableSlot>2022-10-17T12:30:00Z</bookAvailableSlot>
               <instructionComment />
               <repairerID>FR1649583904</repairerID>
            </repairer>
            <vehicleClaim>
               <damageDescription />
               <pickupDelivery />
               <vehicle>
                  <mileage />
                  <vehicleMake />
                  <vehicleModel />
                  <vehicleType />
                  <vrn />
               </vehicle>
               <vehicleDrivable />
            </vehicleClaim>
         </claimRequest>
      </CreateMissionAndSetSlot>
   </Body>
</Envelope>