<soapenv:Envelope xmlns:soapenv="http://schemas.xmlsoap.org/soap/envelope/" xmlns:fr="http://www.innovation-group.com/fr/">
   <soapenv:Header/>
   <soapenv:Body>
      <fr:CreateMissionAndSetSlot>
         <claimRequest>
            <createdBy></createdBy>
            <incidentDate></incidentDate>
            <incidentDetails></incidentDetails>
            <keyAccountID>H4sIAAAAAAAAAEt8burVlrr8LruHf2FUxtwaADaIjXwQAAAA</keyAccountID>
            <notifier></notifier>
            <policyDetail>
               <policyExcessMax></policyExcessMax>
               <policyExcessMin></policyExcessMin>
               <policyExcessPercentage></policyExcessPercentage>
               <policyExcessValue></policyExcessValue>
               <policyNum></policyNum>
               <policyStartDate></policyStartDate>
               <vatRegistered></vatRegistered>
            </policyDetail>
            <policyHolder>
               <party>
                  <contactDetails>
                     <address>
                        <addressLine1></addressLine1>
                        <addressLine2></addressLine2>
                        <postcode></postcode>
                        <province></province>
                        <town></town>
                     </address>
                     <emails>
                        <emailAddress></emailAddress>
                     </emails>
                     <phones>
                        <areaCode></areaCode>
                        <extnNum></extnNum>
                        <phoneNum></phoneNum>
                     </phones>
                  </contactDetails>
                  <gender></gender>
                  <name>
                     <firstname></firstname>
                     <initials></initials>
                     <surname></surname>
                     <title></title>
                  </name>
                  <partyType></partyType>
               </party>
            </policyHolder>
            <referenceNum></referenceNum>
            <repairer>
               <bookAvailableSlot></bookAvailableSlot>
               <instructionComment></instructionComment>
               <repairerID></repairerID>
            </repairer>
            <vehicleClaim>
               <damageDescription></damageDescription>
               <pickupDelivery></pickupDelivery>
               <vehicle>
                  <mileage></mileage>
                  <vehicleMake></vehicleMake>
                  <vehicleModel></vehicleModel>
                  <vehicleType></vehicleType>
                  <vrn></vrn>
               </vehicle>
               <vehicleDrivable></vehicleDrivable>
            </vehicleClaim>
         </claimRequest>
      </fr:CreateMissionAndSetSlot>
   </soapenv:Body>
</soapenv:Envelope>