<?xml version='1.0' encoding='UTF-8'?>
<ME100401>
  <SE0010201>
    
    <DE00380101>A92000011943</DE00380101>
    
    <DE00390101>N91000018639</DE00390101>
    
    <DT90290202 code="10" />
    
    <DE00410101>04</DE00410101>
    
    <DE00420101>01</DE00420101>
    
    <DE14760101>0003616</DE14760101>
    
    <DE00440101>21A</DE00440101>
    
  </SE0010201>
  <SE0590301>
    
    <DE00450101>2021-11-05</DE00450101>
    
    <DT90880101 code="1" />
    
    <DT90890101 code="50" />
    
    <DE00480101>05</DE00480101>
    
    <DE00510101>19</DE00510101>
    
    <DE00340302>2021-11-05</DE00340302>
    
    <DE02230202>101652</DE02230202>
    
    <DT92200101 code="36" />
    
    <DE11070101>06D6D3F6</DE11070101>
    
    <DE11080101>314</DE11080101>
    
  </SE0590301>
  <GR010101>
    
    <SE0020105>
      
      <DE00460101>299</DE00460101>
      0
      <DE00470102>THO202201181424</DE00470102>
      
      <DE00530101>MC1</DE00530101>
      
      <DE00540101>0000020944011804</DE00540101>
      
      <DE00550101>2021-03-25 00:00:00</DE00550101>
      
    </SE0020105>
    <SE0030301>
      
      <DE00560101>Salarie</DE00560101>
      
    </SE0030301>
    <SE1600101LIST>
      
      <SE1600101>
        
        <DT92210101 code="2" />
        
        <DE08200101>06.45.11.28.56</DE08200101>
        
      </SE1600101>      
      <SE1600101>
        
        <DT92210101 code="4" />
        
        <DE08200101>AGENCE.MIELCAREK@AXA.FR.INVALID</DE08200101>
        
      </SE1600101>
    </SE1600101LIST>
  </GR010101>
  
  <GR100301>
    
    <SE0040301>
      
      <DCC0180101>
        
        <DE05350101>M. FREDERIC MIELCAREK</DE05350101>
        
        <DE05360101>RESIDENCE CHARLES QUINT</DE05360101>
        
        <DE05370101>BP 17</DE05370101>
        
        <DE05390101>62140</DE05390101>
        
        <DE05410101>HESDIN</DE05410101>
        
      </DCC0180101>
      <DE02480101>00231001</DE02480101>
      
    </SE0040301>
    <SE1600101LIST>
      
      <SE1600101>
        
        <DT92210101 code="2" />
        
        <DE08200101>0645112856</DE08200101>
        
      </SE1600101>      
      <SE1600101>
        
        <DT92210101 code="4" />
        
        <DE08200101>AGENCE.MIELCAREK@AXA.FR.invalid</DE08200101>
        
      </SE1600101>
    </SE1600101LIST>
  </GR100301>
  
  <GR120101LIST>
    
    <GR120101>
      
      <SE0070202>
        
        <DE01390102>01</DE01390102>
        
        <DCC0500102>
          
          <DE05350201>Contact Fname Contact Lname</DE05350201>
          
          <DE05360101>25 RUE DE LA RIVIERRETTE</DE05360101>
          
          <DE05390101>62770</DE05390101>
          
          <DE05410101>WILLEMAN</DE05410101>
          
        </DCC0500102>
      </SE0070202>
      <SE1610101>
        
        <DT90080301 code="01" />
        
        <DT92050102 code="2" />
        
      </SE1610101>
      <SE1620101LIST>
        
        <SE1620101>
          <DT92240101 code="10" />
          
          <DE08210101>0062054044</DE08210101>
          
        </SE1620101>
        <SE1620101>
          <DT92240101 code="25" />
          
          <DE08210101>2</DE08210101>
          
        </SE1620101>
        <SE1620101>
          <DT92240101 code="25" />
          
          <DE08210101>13/12;10:00;19:00</DE08210101>
          
        </SE1620101>
        <SE1620101>
          <DT92240101 code="25" />
          
          <DE08210101>06/00/00/00</DE08210101>
          
        </SE1620101>
        <SE1620101>
          <DT92240101 code="25" />
          
          <DE08210101 />
          
        </SE1620101>
      </SE1620101LIST>
      <SE1600101LIST>
        
        <SE1600101>
          
          <DT92210101 code="6" />
          
          <DE08200101>06060606</DE08200101>
          
        </SE1600101>
        <SE1600101>
          
          <DT92210101 code="1" />
          
          <DE08200101>06060606</DE08200101>
          
        </SE1600101>
        <SE1600101>
          
          <DT92210101 code="4" />
          
          <DE08200101>email@email.com</DE08200101>
          
        </SE1600101>
      </SE1600101LIST>
    </GR120101>
    

    
    <GR120101>
      
      <SE0070202>
        
        <DE01390102 />
        
        <DCC0500102>
          
          <DE05350201>PREFIKAR</DE05350201>
          
          <DE05380101>FRANCE METROPOLITAINE</DE05380101>
          
          <DE05390101>91940</DE05390101>
          
          <DE05410101>LES ULIS</DE05410101>
          
        </DCC0500102>
      </SE0070202>
      <SE1610101>
        <DT90080301 code="05" />
        
      </SE1610101>        
      <SE1620101LIST>
        
        <SE1620101>
          <DT92240101 code="08" />
          
          <DE08210101>1609642804</DE08210101>
        </SE1620101>
        <SE1620101>
          <DT92240101 code="01" />
          <DE08210101>0062054044</DE08210101>
        </SE1620101>
        <SE1620101>
          <DT92240101 code="06" />
          <DE08210101>44057565200027</DE08210101>
        </SE1620101>
        <SE1620101>
          <DT92240101 code="10" />
          <DE08210101>2</DE08210101>
        </SE1620101>        
      </SE1620101LIST>
      <SE1600101LIST>
        
        <SE1600101>
          <DT92210101 code="2" />
          
          <DE08200101>0808809080</DE08200101>
          
        </SE1600101>
        <SE1600101>
          <DT92210101 code="4" />
          <DE08200101>axa@prefikar.com.invalid</DE08200101>
          
        </SE1600101>
      </SE1600101LIST>
    </GR120101>
    
  </GR120101LIST>
  
  <SE0080802>
    
    <DE01390102>01</DE01390102>
    
    <DT90280203 code="VOLK" />
    
    <DE02660101>JETTA II</DE02660101>
    
    <DT90270202 code="VP" />
    
    <DE02690101>AB-123-CD</DE02690101>
    
    <DE00010301>2006-09-06</DE00010301>
    
    <DE00180201>00000</DE00180201>
    
  </SE0080802>
  
  <SE0510201>
    
    <DE00030202>2021-11-04</DE00030202>
    
    <DCC0010202>
      
      <DT90230102 code="3" />
      
      <DT90230102 code="5" />
      
      <DT90230102 code="7" />
      
    </DCC0010202>
    <DE02910101>3900744204</DE02910101>
    
    <DE09730101>O</DE09730101>
    
    <DT90070401 code="D1" />
    
  </SE0510201>
  <SE2100101LIST>
    
    <SE2100101>
      
      <DT92830101 code="3" />
      
      <DT92840101 code="3" />
      
    </SE2100101>
  </SE2100101LIST>
  <SE0090401>
    
    <DT90430101 code="8" />
    
    <DT90130301 code="0" />
    
    <DT90140202 code="1" />
    <DE00040201>000</DE00040201>
    
    <DT90110301 code="3" />
    
    <DE02790101>999</DE02790101>
    
  </SE0090401>
  <SE0100201LIST>
    <SE0100201>
      
      <DT90410101 code="2" />
      
      <DE02840101>00000</DE02840101>
      
      <DE02850101>100</DE02850101>
      
      <DE02880101>N</DE02880101>
      
    </SE0100201>
  </SE0100201LIST>
  <SE1980101>
    <DE08980101>2021-11-05</DE08980101>
    
  </SE1980101>
  <SE1970101LIST>
    
    <SE1970101>
      
      <DT90250303 code="A" />
      
      
      <DT92970101 code="3" />
      
      <DE09720101>000004734</DE09720101>
      
    </SE1970101>
    <SE1970101>
      
      <DT90250303 code="A" />
      <DT92970101 code="1" />
      <DE09720101>000004734</DE09720101>
    </SE1970101>
    <SE1970101>
      
      <DT90250303 code="B" />
      <DT92970101 code="3" />
      <DE09720101>000004734</DE09720101>
    </SE1970101>
    <SE1970101>
      
      <DT90250303 code="B" />
      <DT92970101 code="1" />
      <DE09720101>000004734</DE09720101>
    </SE1970101>
    <SE1970101>
      
      <DT90250303 code="C" />
      <DT92970101 code="3" />
      <DE09720101>000004734</DE09720101>
    </SE1970101>
    <SE1970101>
      
      <DT90250303 code="C" />
      <DT92970101 code="1" />
      <DE09720101>000004734</DE09720101>
    </SE1970101>
    <SE1970101>
      
      <DT90250303 code="H" />
      <DT92970101 code="3" />
      <DE09720101>000002631</DE09720101>
    </SE1970101>
    <SE1970101>
      
      <DT90250303 code="H" />
      <DT92970101 code="1" />
      <DE09720101>000002631</DE09720101>
    </SE1970101>
    <SE1970101>
      
      <DT90250303 code="I" />
      <DT92970101 code="3" />
      <DE09720101>000002631</DE09720101>
    </SE1970101>
    <SE1970101>
      
      <DT90250303 code="I" />
      <DT92970101 code="1" />
      <DE09720101>000002631</DE09720101>
    </SE1970101>
    <SE1970101>
      
      <DT90250303 code="J" />
      <DT92970101 code="3" />
      <DE09720101>000002631</DE09720101>
    </SE1970101>
    <SE1970101>
      
      <DT90250303 code="J" />
      <DT92970101 code="1" />
      <DE09720101>000002631</DE09720101>
    </SE1970101>
    <SE1970101>
      
      <DT90250303 code="K" />
      <DT92970101 code="3" />
      <DE09720101>000004734</DE09720101>
    </SE1970101>
    <SE1970101>
      
      <DT90250303 code="K" />
      <DT92970101 code="1" />
      <DE09720101>000004734</DE09720101>
    </SE1970101>
    <SE1970101>
      
      <DT90250303 code="L" />
      <DT92970101 code="3" />
      <DE09720101>000004734</DE09720101>
    </SE1970101>
    <SE1970101>
      
      <DT90250303 code="L" />
      <DT92970101 code="1" />
      <DE09720101>000004734</DE09720101>
    </SE1970101>
    <SE1970101>
      
      <DT90250303 code="M" />
      <DT92970101 code="3" />
      <DE09720101>000004734</DE09720101>
    </SE1970101>
    <SE1970101>
      
      <DT90250303 code="M" />
      <DT92970101 code="1" />
      <DE09720101>000004734</DE09720101>
    </SE1970101>
  </SE1970101LIST>
  <SE0120102LIST>
    
    <SE0120102>
      
      <DT90000101 code="Q4" />
      
      <DE00070201>001</DE00070201>
      
      <DE00080201>Porte AR Gauche</DE00080201>
      
    </SE0120102>
    <SE0120102>    
      <DE00070201>002</DE00070201>
      
      <DE00080201>, Aile AR Gauche</DE00080201>
      
    </SE0120102>
    <SE0120102>    
      <DE00070201>003</DE00070201>
      
      <DE00080201>, Pare-chocs AR</DE00080201>
      
    </SE0120102>
    <SE0120102>    
      <DE00070201>004</DE00070201>
      
      <DE00080201>, le vehicule B ( BD291ZD) a percuter  mon vehicule  en stationnement dans la ru</DE00080201>
      
    </SE0120102>
    <SE0120102>    
      <DE00070201>005</DE00070201>
      
      <DE00080201>e d'Arras 62130 st Pol sur ternoise  La  gendarmerie ces deplacer  pour verifier</DE00080201>
      
    </SE0120102>
    <SE0120102>    
          <DE00070201>006</DE00070201>
      
      <DE00080201>le taux alcoolemie du conducteur</DE00080201>
      
    </SE0120102>            
    <SE0120102>
      <DT90000101 code="M5" />
      
      <DE00070201>001</DE00070201>
      
      <DE00080201>7c33d16f941a4792ac2c16aec12b970b</DE00080201>
      
    </SE0120102>
  </SE0120102LIST>
</ME100401>