<?xml version="1.0"?>
<ME100401>
  <SE0010201>
    <!-- Transport -->
    <DE00380101></DE00380101>
    <!-- Darva code of sender/transmitter -->
    <DE00390101>N91000018639</DE00390101>
    <!-- Darva code of receiver/recipient -->
    <DT90290202 code="10"/>
    <!-- Document number. 10 for AS -->
    <DE00410101>04</DE00410101>
    <!-- Version number for AS -->
    <DE00420101>01</DE00420101>
    <!-- Release number for AS -->
    <DE14760101>0003616</DE14760101>
    <!-- Document length -->
    <DE00440101>21A</DE00440101>
    <!-- Approval number -->
  </SE0010201>
  <SE0590301>
    <!-- Security -->
    <DE00450101></DE00450101>
    <!-- Posting date ICI -->
    <DT90880101 code="1"/>
    <!-- Nature of the message. 1 for Original ; 3 for Duplicata -->
    <DT90890101 code="50"/>
    <!-- Original standard code -->
    <DE00480101>05</DE00480101>
    <!-- Primary Key -->
    <DE00510101>19</DE00510101>
    <!-- Super Key -->
    <DE00340302>2021-11-05</DE00340302>
    <!-- Broadcast date ICI -->
    <DE02230202>101652</DE02230202>
    <!-- Broadcast time -->
    <DT92200101 code=""/>
    <!-- Scenario ICI -->
    <DE11070101></DE11070101>
    <!-- Identifier of the darva internal file -->
    <DE11080101>314</DE11080101>
    <!-- Darva technical information -->
  </SE0590301>
  <GR010101>
    <!-- Group of segments company (beginning) -->
    <SE0020105>
      <!-- Insurance company -->
      <DE00460101></DE00460101>
      <!-- GTA Code. 299 for Axa, 392 for Avanssur, 676 for Libea and 361 for Macsf -->0
      <DE00470102></DE00470102>
      <!-- Customer claim number. This tag defines if the case should be updated or created. This tag is unique and links the message to the case. ICI -->
      <DE00530101></DE00530101>
      <!-- Mission order number -->
      <DE00540101></DE00540101>
      <!-- Policy Number ICI -->
      <DE00550101></DE00550101>
      <!-- Effective date of the policy -->
    </SE0020105>
    <SE0030301>
      <!-- Claim handler -->
      <DE00560101></DE00560101>
      <!-- Claim handler code -->
    </SE0030301>
    <SE1600101LIST>
      <!-- Contact details list -->
      <SE1600101>
        <!-- Contact detail -->
        <DT92210101 code="2"/>
        <!-- Contact detail type. 1 for personal phone ; 2 for professional phone ; 3 for FAX ; 4 for email ; 6 for mobile phone -->
        <DE08200101>06.45.11.28.56</DE08200101>
        <!-- Contact detail -->
      </SE1600101>      
      <SE1600101>
        <!-- Contact detail -->
        <DT92210101 code="4"/>
        <!-- Contact detail type. 1 for personal phone ; 2 for professional phone ; 3 for FAX ; 4 for email ; 6 for mobile phone -->
        <DE08200101>AGENCE.MIELCAREK@AXA.FR.INVALID</DE08200101>
        <!-- Contact detail -->
      </SE1600101>
    </SE1600101LIST>
  </GR010101>
  <!-- Group of segments company (end) -->
  <GR100301>
    <!-- Group of segments agent/broker (beginning) || ADDED. -->
    <SE0040301>
      <!-- Broker/agent -->
      <DCC0180101>
        <!-- Name and address -->
        <DE05350101>M. FREDERIC MIELCAREK</DE05350101>
        <!-- Name -->
        <DE05360101>RESIDENCE CHARLES QUINT</DE05360101>
        <!-- Address 1 -->
        <DE05370101>BP 17</DE05370101>
        <!-- Address 2 || ADDED. -->
        <DE05390101>62140</DE05390101>
        <!-- Post Code -->
        <DE05410101>HESDIN</DE05410101>
        <!-- City || ADDED. -->
      </DCC0180101>
      <DE02480101>00231001</DE02480101>
      <!-- Broker/Agent Claim # || ADDED. -->
    </SE0040301>
    <SE1600101LIST>
      <!-- Contact details list -->
      <SE1600101>
        <!-- Contact details -->
        <DT92210101 code="2"/>
        <!-- Contact detail type. 1 for personal phone ; 2 for professional phone ; 3 for FAX ; 4 for email ; 6 for mobile phone -->
        <DE08200101>0645112856</DE08200101>
        <!-- Contact detail -->
      </SE1600101>      
      <SE1600101>
        <!-- Contact details -->
        <DT92210101 code="4"/>
        <!-- Contact detail type. 1 for personal phone ; 2 for professional phone ; 3 for FAX ; 4 for email ; 6 for mobile phone -->
        <DE08200101>AGENCE.MIELCAREK@AXA.FR.invalid</DE08200101>
        <!-- Contact detail -->
      </SE1600101>
    </SE1600101LIST>
  </GR100301>
  <!-- Group of segments agent/broker (end) -->
  <GR120101LIST>
    <!-- Group of segments parties (beginning) -->
    <GR120101>
      <!-- Insured (beginning) -->
      <SE0070202>
        <!-- Identification of a Party -->
        <DE01390102>01</DE01390102>
        <!-- Rank given to the party -->
        <DCC0500102>
          <!-- Name and address -->
          <DE05350201></DE05350201>
          <!-- Name of the insured ICI -->
          <DE05360101></DE05360101>
          <!-- Address 1 -->
          <DE05390101></DE05390101>
          <!-- Post Code -->
          <DE05410101></DE05410101>
          <!-- City -->
        </DCC0500102>
      </SE0070202>
      <SE1610101>
        <!-- Information on the Party -->
        <DT90080301 code="01"/>
        <!-- Type of party. 01 for insured -->
        <DT92050102 code="2"/>
        <!-- Party pays Tax. 0 for N/A ; 1 for yes ; 2 for no ; 3 for response on hold. -->
      </SE1610101>
      <SE1620101LIST>
        <!-- References -->
        <SE1620101>
          <DT92240101 code="08"/>
          <!-- Qualification of the reference. 08 for codification at the insurer -->
          <DE08210101>cc:71193310 </DE08210101>
          <!-- Identifier -->
        </SE1620101>
        <SE1620101>
          <DT92240101 code="01"/>
          <!-- Qualification of the reference. 01 for file number -->
          <DE08210101></DE08210101>
          <!-- Identifier. Number of the file/record -->
        </SE1620101>
        <SE1620101>
          <DT92240101 code="10"/>
          <!-- Qualification of the reference. 10 for Type of contract -->
          <DE08210101></DE08210101>
          <!-- Identifier -->
        </SE1620101>
        <SE1620101>
          <DT92240101 code="25"/>
          <!-- Qualification of the reference. 25 for availability of the insured -->
          <DE08210101></DE08210101>
          <!-- Information on the insured's callback time slot. ICI -->
        </SE1620101>
        <SE1620101>
          <DT92240101 code="25"/>
          <!-- Qualification of the reference. 25 for availability of the insured -->
          <DE08210101></DE08210101>
          <!-- Phone number of the insured -->
        </SE1620101>
      </SE1620101LIST>
      <SE1600101LIST>
        <!-- Contact details list -->
        <SE1600101>
          <!-- Contact details -->
          <DT92210101 code="1"/>
          <!-- Contact detail type. 1 for personal phone ; 2 for professional phone ; 3 for FAX ; 4 for email ; 6 for mobile phone -->
          <DE08200101></DE08200101>
          <!-- Phone number of the insured -->
        </SE1600101>
        <SE1600101>
          <!-- Contact details -->
          <DT92210101 code="6"/>
          <!-- Contact detail type. 1 for personal phone ; 2 for professional phone ; 3 for FAX ; 4 for email ; 6 for mobile phone -->
          <DE08200101></DE08200101>
          <!-- Contact detail -->
        </SE1600101>
        <SE1600101>
          <!-- Contact details -->
          <DT92210101 code="4"/>
          <!-- Contact detail type. 1 for personal phone ; 2 for professional phone ; 3 for FAX ; 4 for email ; 6 for mobile phone -->
          <DE08200101></DE08200101>
          <!-- Phone number of the insured -->
        </SE1600101>
      </SE1600101LIST>
    </GR120101>
    <!-- Insured (end) -->

    <!-- Prefikar as Recipient of settlement (end) -->
    <GR120101>
      <!-- Expert (beginning) -->
      <SE0070202>
        <!-- Identification of a party -->
        <DE01390102></DE01390102>
        <!-- Rank given to the party -->
        <DCC0500102>
          <!-- Name and Address -->
          <DE05350201>PREFIKAR</DE05350201>
          <!-- Name of the expert -->
          <DE05380101>FRANCE METROPOLITAINE</DE05380101>
          <!-- Address 3 -->
          <DE05390101>91940</DE05390101>
          <!-- Zip code -->
          <DE05410101>LES ULIS</DE05410101>
          <!-- City -->
        </DCC0500102>
      </SE0070202>
      <SE1610101>
        <DT90080301 code="05"/>
        <!-- Type of Party. 06 for the expert. -->
      </SE1610101>        
      <SE1620101LIST>
        <!-- References (list) -->
        <SE1620101>
          <DT92240101 code="08"/>
          <!-- Type of Reference. 01 for File number ; 02 for contract / policy number ; 03 for client number ; 04 for insurance claim number ; 05 for UE tax number ; 06 for SIRET ; 07 for logic identification of the vehicle ; 08 for codification at the insurer ; 09 for reference at engineer ; 10 for type of contract ; 22 for gta code ; 25 for availability ; 99 for other. -->
          <DE08210101>1609642804</DE08210101>
        </SE1620101>
        <SE1620101>
          <DT92240101 code="01"/>
          <DE08210101>0062054044</DE08210101>
        </SE1620101>
        <SE1620101>
          <DT92240101 code="06"/>
          <DE08210101>44057565200027</DE08210101>
        </SE1620101>
        <SE1620101>
          <DT92240101 code="10"/>
          <DE08210101>2</DE08210101>
        </SE1620101>        
      </SE1620101LIST>
      <SE1600101LIST>
        <!-- Contact Details (list) -->
        <SE1600101>
          <DT92210101 code="2"/>
          <!-- Contact detail type. 1 for personal phone ; 2 for professional phone ; 3 for FAX ; 4 for email ; 6 for mobile phone. -->
          <DE08200101>0808809080</DE08200101>
          <!-- Phone number -->
        </SE1600101>
        <SE1600101>
          <DT92210101 code="4"/>
          <DE08200101>axa@prefikar.com.invalid</DE08200101>
          <!-- Contact detail -->
        </SE1600101>
      </SE1600101LIST>
    </GR120101>
    <!-- Expert (end) -->
  </GR120101LIST>
  <!-- Group of segments parties (end) -->
  <SE0080802>
    <!-- Vehicle (beginning) -->
    <DE01390102>01</DE01390102>
    <!-- Rank affected to the party -->
    <DT90280203 code="VOLK"/>
    <!-- Brand/make of the vehicle ICI -->
    <DE02660101></DE02660101>
    <!-- Model of the vehicle ICI -->
    <DT90270202 code="VP"/>
    <!-- VP for "Voiture particuliere" (means Private car) -->
    <DE02690101></DE02690101>
    <!-- VRN ICI -->
    <DE00010301></DE00010301>
    <!-- Date of first registration -->
    <DE00180201></DE00180201>
    <!-- Current mileage -->
  </SE0080802>
  <!-- Vehicle (end) -->
  <SE0510201>
    <!-- Additional information -->
    <DE00030202></DE00030202>
    <!-- Incident date ICI -->
    <DCC0010202>
      <!-- Visible Damage Areas -->
      <DT90230102 code="3"/>
      <!-- Damage Area. (blank/null) for Blank ; - for hyphen ; 1 for AVANT/LATERAL GAUCHE ; 2 for AVANT/LATERAL DROIT ; 3 for CENTRAL/LATERAL GAUCHE ; 4 for CENTRAL/LATERAL DROIT ; 5 for ARRIERE/LATERAL GAUCHE ; 6 for ARRIERE LATERAL DROIT ; 7 for ARRIERE ; 8 for AVANT ; 9 for PAVILLONS/DESSUS ; A for INTERIEUR ; B for DESSOUS ; C for ENSEMBLE ; Z for INDETERMINE. -->
      <DT90230102 code="5"/>
      <!-- Damage Area. (blank/null) for Blank ; - for hyphen ; 1 for AVANT/LATERAL GAUCHE ; 2 for AVANT/LATERAL DROIT ; 3 for CENTRAL/LATERAL GAUCHE ; 4 for CENTRAL/LATERAL DROIT ; 5 for ARRIERE/LATERAL GAUCHE ; 6 for ARRIERE LATERAL DROIT ; 7 for ARRIERE ; 8 for AVANT ; 9 for PAVILLONS/DESSUS ; A for INTERIEUR ; B for DESSOUS ; C for ENSEMBLE ; Z for INDETERMINE. -->
      <DT90230102 code="7"/>
      <!-- Damage Area. (blank/null) for Blank ; - for hyphen ; 1 for AVANT/LATERAL GAUCHE ; 2 for AVANT/LATERAL DROIT ; 3 for CENTRAL/LATERAL GAUCHE ; 4 for CENTRAL/LATERAL DROIT ; 5 for ARRIERE/LATERAL GAUCHE ; 6 for ARRIERE LATERAL DROIT ; 7 for ARRIERE ; 8 for AVANT ; 9 for PAVILLONS/DESSUS ; A for INTERIEUR ; B for DESSOUS ; C for ENSEMBLE ; Z for INDETERMINE. -->
    </DCC0010202>
    <DE02910101></DE02910101>
    <!-- Repairer ID for the Insurance company -->
    <DE09730101>O</DE09730101>
    <!-- Engineer doing Remote Assessment -->
    <DT90070401 code="D1"/>
    <!-- Nature of the Event. D for Traffic ; D1 for Collision ; D2 for Collision in chain ; D3 for Cannon ; D4 for Loss of control. -->
  </SE0510201>
  <SE2100101LIST>
    <!-- List of determination of Damages -->
    <SE2100101>
      <!-- Determination of Damages -->
      <DT92830101 code="3"/>
      <!-- Method of detemining damage -->
      <DT92840101 code="3"/>
      <!-- Autorisation of the method -->
    </SE2100101>
  </SE2100101LIST>
  <SE0090401>
    <!-- Coverage and Liability -->
    <DT90430101 code="8"/>
    <!-- Type of guarantee/warranty/insurance. 2 for "Damage" -->
    <DT90130301 code="0"/>
    <!-- Nature of the contract. 1 for "Damage insurance" -->
    <DT90140202 code="1"/>
    <DE00040201>000</DE00040201>
    <!-- Percentage of responsibility/liability -->
    <DT90110301 code="3"/>
    <!-- Direct settlement code -->
    <DE02790101>999</DE02790101>
    <!-- Number of days of vehicle loan -->
  </SE0090401>
  <SE0100201LIST>
    <SE0100201>
      <!-- Calculation elements -->
      <DT90410101 code="2"/>
      <!-- Application of calculation elements. 2 for Vehicle. -->
      <DE02840101>00000</DE02840101>
      <!-- Maximum variable -->
      <DE02850101>100</DE02850101>
      <!-- Percentage of coverage. Should be mapped with: PFR_CoveragePercentage__c and not NOB_AssistanceGuarantee__c -->
      <DE02880101>N</DE02880101>
      <!-- VAT recovered by insured Yes/No (TVA) -->
    </SE0100201>
  </SE0100201LIST>
  <SE1980101>
    <DE08980101>2021-11-05</DE08980101>
    <!-- Date of application // start date -->
  </SE1980101>
  <SE1970101LIST>
    <!-- List of labour rates -->
    <SE1970101>
      <!-- Labour rate -->
      <DT90250303 code="A"/>
      <!-- Rate qualification.  -->
      <!-- 1 for M1 ; 2 for M2 ; 3 for M3 ; A for T1 ; B for T2 ; C for T3 ; D for Transformation ; E for Debosselage sans peinture ; K for P1 ; L for P2 ; M for P3. -->
      <DT92970101 code="3"/>
      <!-- Rate Type. 1 for Public ; 3 for Negociated. -->
      <DE09720101>000004734</DE09720101>
      <!-- Rate value. Numeric 9 out of which 2 decimals. -->
    </SE1970101>
    <SE1970101>
      <!-- Labour rate -->
      <DT90250303 code="A"/>
      <DT92970101 code="1"/>
      <DE09720101>000004734</DE09720101>
    </SE1970101>
    <SE1970101>
      <!-- Labour rate -->
      <DT90250303 code="B"/>
      <DT92970101 code="3"/>
      <DE09720101>000004734</DE09720101>
    </SE1970101>
    <SE1970101>
      <!-- Labour rate -->
      <DT90250303 code="B"/>
      <DT92970101 code="1"/>
      <DE09720101>000004734</DE09720101>
    </SE1970101>
    <SE1970101>
      <!-- Labour rate -->
      <DT90250303 code="C"/>
      <DT92970101 code="3"/>
      <DE09720101>000004734</DE09720101>
    </SE1970101>
    <SE1970101>
      <!-- Labour rate -->
      <DT90250303 code="C"/>
      <DT92970101 code="1"/>
      <DE09720101>000004734</DE09720101>
    </SE1970101>
    <SE1970101>
      <!-- Labour rate -->
      <DT90250303 code="H"/>
      <DT92970101 code="3"/>
      <DE09720101>000002631</DE09720101>
    </SE1970101>
    <SE1970101>
      <!-- Labour rate -->
      <DT90250303 code="H"/>
      <DT92970101 code="1"/>
      <DE09720101>000002631</DE09720101>
    </SE1970101>
    <SE1970101>
      <!-- Labour rate -->
      <DT90250303 code="I"/>
      <DT92970101 code="3"/>
      <DE09720101>000002631</DE09720101>
    </SE1970101>
    <SE1970101>
      <!-- Labour rate -->
      <DT90250303 code="I"/>
      <DT92970101 code="1"/>
      <DE09720101>000002631</DE09720101>
    </SE1970101>
    <SE1970101>
      <!-- Labour rate -->
      <DT90250303 code="J"/>
      <DT92970101 code="3"/>
      <DE09720101>000002631</DE09720101>
    </SE1970101>
    <SE1970101>
      <!-- Labour rate -->
      <DT90250303 code="J"/>
      <DT92970101 code="1"/>
      <DE09720101>000002631</DE09720101>
    </SE1970101>
    <SE1970101>
      <!-- Labour rate -->
      <DT90250303 code="K"/>
      <DT92970101 code="3"/>
      <DE09720101>000004734</DE09720101>
    </SE1970101>
    <SE1970101>
      <!-- Labour rate -->
      <DT90250303 code="K"/>
      <DT92970101 code="1"/>
      <DE09720101>000004734</DE09720101>
    </SE1970101>
    <SE1970101>
      <!-- Labour rate -->
      <DT90250303 code="L"/>
      <DT92970101 code="3"/>
      <DE09720101>000004734</DE09720101>
    </SE1970101>
    <SE1970101>
      <!-- Labour rate -->
      <DT90250303 code="L"/>
      <DT92970101 code="1"/>
      <DE09720101>000004734</DE09720101>
    </SE1970101>
    <SE1970101>
      <!-- Labour rate -->
      <DT90250303 code="M"/>
      <DT92970101 code="3"/>
      <DE09720101>000004734</DE09720101>
    </SE1970101>
    <SE1970101>
      <!-- Labour rate -->
      <DT90250303 code="M"/>
      <DT92970101 code="1"/>
      <DE09720101>000004734</DE09720101>
    </SE1970101>
  </SE1970101LIST>
  <SE0120102LIST>
    <!-- List of comments -->
    <SE0120102>
      <!-- Comments -->
      <DT90000101 code="Q4"/>
      <!-- Type of comment. Q4 should (also) be stored in NOB_DamageDetails__c. -->
      <DE00070201>001</DE00070201>
      <!-- Row # -->
      <DE00080201>Porte AR Gauche</DE00080201>
      <!-- Comment text -->
    </SE0120102>
    <SE0120102>    
      <DE00070201>002</DE00070201>
      <!-- Row # -->
      <DE00080201>, Aile AR Gauche</DE00080201>
      <!-- Comment text -->
    </SE0120102>
    <SE0120102>    
      <DE00070201>003</DE00070201>
      <!-- Row # -->
      <DE00080201>, Pare-chocs AR</DE00080201>
      <!-- Comment text -->
    </SE0120102>
    <SE0120102>    
      <DE00070201>004</DE00070201>
      <!-- Row # -->
      <DE00080201>, le vehicule B ( BD291ZD) a percuter  mon vehicule  en stationnement dans la ru</DE00080201>
      <!-- Comment text -->
    </SE0120102>
    <SE0120102>    
      <DE00070201>005</DE00070201>
      <!-- Row # -->
      <DE00080201>e d'Arras 62130 st Pol sur ternoise  La  gendarmerie ces deplacer  pour verifier</DE00080201>
      <!-- Comment text -->
    </SE0120102>
    <SE0120102>    
          <DE00070201>006</DE00070201>
      <!-- Row # -->
      <DE00080201>le taux alcoolemie du conducteur</DE00080201>
      <!-- Comment text -->
    </SE0120102>            
    <SE0120102>
      <DT90000101 code="M5"/>
      <!-- Type of comment. M5 is not in the list of Codes to consider. -->
      <DE00070201>001</DE00070201>
      <!-- Row # -->
      <DE00080201>7c33d16f941a4792ac2c16aec12b970b</DE00080201>
      <!-- Comment text -->
    </SE0120102>
  </SE0120102LIST>
</ME100401>