<?xml version='1.0' encoding='UTF-8'?>
<Envelope xmlns="http://schemas.xmlsoap.org/soap/envelope/">
    <Header />
    <Body>
        <GetPlanning xmlns="http://www.innovation-group.com/fr/">
            <planningRequest xmlns="">
                <addrCity>Les Ulis</addrCity>
                <addrLine1>9 avenue des Andes</addrLine1>
                <addrLine2 />
                <addrPostCode>91940</addrPostCode>
                <capabilities>30</capabilities>
                <capacityScope>20</capacityScope>
                <courtesyCar />
                <keyAccountID>H4sIAAAAAAAAAEt8burVlrr8LruHf2FUxtwaADaIjXwQAAAA</keyAccountID>
                <searchType />
            </planningRequest>
        </GetPlanning>
    </Body>
</Envelope>