<soapenv:Envelope xmlns:soapenv="http://schemas.xmlsoap.org/soap/envelope/" xmlns:fr="http://www.innovation-group.com/fr/">
    <soapenv:Header/>
    <soapenv:Body>
        <fr:GetPlanning>
            <planningRequest>
                <addrCity></addrCity>
                <addrLine1></addrLine1>
                <addrLine2></addrLine2>
                <addrPostCode></addrPostCode>
                <capabilities></capabilities>
                <capacityScope></capacityScope>
                <courtesyCar></courtesyCar>
                <keyAccountID>H4sIAAAAAAAAAEt8burVlrr8LruHf2FUxtwaADaIjXwQAAAA</keyAccountID>
                <searchType></searchType>
            </planningRequest>
        </fr:GetPlanning>
    </soapenv:Body>
</soapenv:Envelope>